Code barre,Réf produit,Désignation,PA TTC,PAMP TTC,Stock ( Unité ),prix vente TTC,Prix sup TTC,Prix gros TTC,DDDD TTC,Prix Promo TTC,Famille
8022983061726,KZ810000,WATCHES STRAP EXTENSOR,0,0,0,0,0,0,0,0,COMPUTER / INSTRUMENTS
8022983164175,KS767100,STRAP SEA LION WATCH BLACK,0,0,0,0,0,0,0,0,COMPUTER / INSTRUMENTS
8022983092799,KS890000,SIL.PROTECTIVE LENS WATCH/COMPUTER SCREEN,0,0,0,0,0,0,0,0,COMPUTER / INSTRUMENTS
8022983154275,KS767085,SEA LION WATCH 300m SILVER/ORANGE,0,0,0,0,0,0,0,0,COMPUTER / INSTRUMENTS
8022983154244,KS767020,SEA LION WATCH 300m SILVER/BLUE,0,0,0,0,0,0,0,0,COMPUTER / INSTRUMENTS
8022983154251,KS767050,SEA LION WATCH 300m BLACK/BLACK,0,0,0,0,0,0,0,0,COMPUTER / INSTRUMENTS
8022983191973,KS841098,NEPTO WATCH/DIVING COMPUTER GREEN,0,0,0,0,0,0,0,0,COMPUTER / INSTRUMENTS
8022983191959,KS841020,NEPTO WATCH/DIVING COMPUTER BLUE,0,0,0,0,0,0,0,0,COMPUTER / INSTRUMENTS
8022983191966,KS841050,NEPTO WATCH/DIVING COMPUTER BLACK,0,0,0,0,0,0,0,0,COMPUTER / INSTRUMENTS
8022983139470,KS840141,NEON WATCH/DIVING COMPUTER WHITE/LILAC,0,0,0,0,0,0,0,0,COMPUTER / INSTRUMENTS
8022983139449,KS840058,NEON WATCH/DIVING COMPUTER RED,0,0,0,0,0,0,0,0,COMPUTER / INSTRUMENTS
8022983139463,KS840085,NEON WATCH/DIVING COMPUTER ORANGE,0,0,0,0,0,0,0,0,COMPUTER / INSTRUMENTS
8022983139425,KS840050,NEON WATCH/DIVING COMPUTER GREY,0,0,0,0,0,0,0,0,COMPUTER / INSTRUMENTS
8022983139456,KS840067,NEON WATCH/DIVING COMPUTER GREEN,0,0,0,0,0,0,0,0,COMPUTER / INSTRUMENTS
8022983139418,KS840020,NEON WATCH/DIVING COMPUTER BLUE,0,0,0,0,0,0,0,0,COMPUTER / INSTRUMENTS
8022983139432,KS840055,NEON WATCH/DIVING COMPUTER BLACK,0,0,0,0,0,0,0,0,COMPUTER / INSTRUMENTS
8022983008011,KK760400,MINI SPG w/ RUBBER HOUSING (PSI),0,0,0,0,0,0,0,0,COMPUTER / INSTRUMENTS
8022983008004,KK760300,MINI SPG w/ RUBBER HOUSING (BAR),0,0,0,0,0,0,0,0,COMPUTER / INSTRUMENTS
8022983139494,KS850950,MICHELANGELO DIVING COMPUTER BLACK/COPPER,0,0,0,0,0,0,0,0,COMPUTER / INSTRUMENTS
8022983177748,KS850850,MICHELANGELO DIVING COMPUTER BLACK METAL,0,0,0,0,0,0,0,0,COMPUTER / INSTRUMENTS
8022983139487,KS850050,MICHELANGELO DIVING COMPUTER BLACK,0,0,0,0,0,0,0,0,COMPUTER / INSTRUMENTS
8022983049205,KS770150,LEONARDO DIVING COMPUTER WHITE/BLACK,0,0,0,0,0,0,0,0,COMPUTER / INSTRUMENTS
8022983058870,KS770051,LEONARDO DIVING COMPUTER BLACK/YELLOW,0,0,0,0,0,0,0,0,COMPUTER / INSTRUMENTS
8022983049199,KS770054,LEONARDO DIVING COMPUTER BLACK/PINK,0,0,0,0,0,0,0,0,COMPUTER / INSTRUMENTS
8022983048215,KS770050,LEONARDO DIVING COMPUTER BLACK/GREY,0,0,0,0,0,0,0,0,COMPUTER / INSTRUMENTS
8022983048222,KS770052,LEONARDO DIVING COMPUTER BLACK/BLUE,0,0,0,0,0,0,0,0,COMPUTER / INSTRUMENTS
8022983066318,KS770000,LEONARDO DIVING COMPUTER BLACK/BLACK,0,0,0,0,0,0,0,0,COMPUTER / INSTRUMENTS
8022983048246,KS771000,INTERFACE LEONARDO/GIOTTO,0,0,0,0,0,0,0,0,COMPUTER / INSTRUMENTS
8022983076560,KS821000,INTERFACE GOA,0,0,0,0,0,0,0,0,COMPUTER / INSTRUMENTS
8022983139500,KS851000,INTERFACE BT MICHELANGELO-DONATELLO,0,0,0,0,0,0,0,0,COMPUTER / INSTRUMENTS
8022983139388,KS822000,"INTERFACE BT CARTESIO, NEON, GOA",0,0,0,0,0,0,0,0,COMPUTER / INSTRUMENTS
8022983076546,KS820140,GOA WATCH/COMPUTER WHITE/PINK,0,0,0,0,0,0,0,0,COMPUTER / INSTRUMENTS
8022983076553,KS820150,GOA WATCH/COMPUTER WHITE/BLACK,0,0,0,0,0,0,0,0,COMPUTER / INSTRUMENTS
8022983076522,KS820053,GOA WATCH/COMPUTER BLACK/WHITE,0,0,0,0,0,0,0,0,COMPUTER / INSTRUMENTS
8022983077154,KS820050,GOA WATCH/COMPUTER BLACK/GREY,0,0,0,0,0,0,0,0,COMPUTER / INSTRUMENTS
8022983076515,KS820052,GOA WATCH/COMPUTER BLACK/BLUE,0,0,0,0,0,0,0,0,COMPUTER / INSTRUMENTS
8022983054940,KS740150,GIOTTO DIVING COMPUTER BLACK/WHITE,0,0,0,0,0,0,0,0,COMPUTER / INSTRUMENTS
8022983054933,KS740058,GIOTTO DIVING COMPUTER BLACK/RED,0,0,0,0,0,0,0,0,COMPUTER / INSTRUMENTS
8022983054919,KS740050,GIOTTO DIVING COMPUTER BLACK/GREY,0,0,0,0,0,0,0,0,COMPUTER / INSTRUMENTS
8022983054926,KS740052,GIOTTO DIVING COMPUTER BLACK/BLUE,0,0,0,0,0,0,0,0,COMPUTER / INSTRUMENTS
8022983063683,KS740055,GIOTTO DIVING COMPUTER BLACK,0,0,0,0,0,0,0,0,COMPUTER / INSTRUMENTS
8022983192925,KS860052,DONATELLO DIVING COMPUTER BLACK/YELLOW,0,0,0,0,0,0,0,0,COMPUTER / INSTRUMENTS
8022983177762,KS860051,DONATELLO DIVING COMPUTER BLACK/SILVER,0,0,0,0,0,0,0,0,COMPUTER / INSTRUMENTS
8022983177779,KS860058,DONATELLO DIVING COMPUTER BLACK/RED,0,0,0,0,0,0,0,0,COMPUTER / INSTRUMENTS
8022983192932,KS860054,DONATELLO DIVING COMPUTER BLACK/PINK,0,0,0,0,0,0,0,0,COMPUTER / INSTRUMENTS
8022983177755,KS860022,DONATELLO DIVING COMPUTER BLACK/BLUE,0,0,0,0,0,0,0,0,COMPUTER / INSTRUMENTS
8022983188263,KZ790001,DIGI2 SMART COVER,0,0,0,0,0,0,0,0,COMPUTER / INSTRUMENTS
8022983142609,KC800030,DIGI2 DIGITAL CONSOLE WHITE,0,0,0,0,0,0,0,0,COMPUTER / INSTRUMENTS
8022983142586,JKC800058,DIGI2 DIGITAL CONSOLE RED,0,0,0,0,0,0,0,0,COMPUTER / INSTRUMENTS
8022983142616,KC800040,DIGI2 DIGITAL CONSOLE PINK,0,0,0,0,0,0,0,0,COMPUTER / INSTRUMENTS
8022983142623,KC800050,DIGI2 DIGITAL CONSOLE GREY,0,0,0,0,0,0,0,0,COMPUTER / INSTRUMENTS
8022983142593,KC800020,DIGI2 DIGITAL CONSOLE BLUE,0,0,0,0,0,0,0,0,COMPUTER / INSTRUMENTS
8022983142630,KC800055,DIGI2 DIGITAL CONSOLE BLACK,0,0,0,0,0,0,0,0,COMPUTER / INSTRUMENTS
8022983063355,KC764550,CONSOLE PD2 PRESSURE+DEPTH GAUGE M/BAR,0,0,0,0,0,0,0,0,COMPUTER / INSTRUMENTS
8022983063362,KC764650,CONSOLE PD2 PRESSURE+DEPTH GAUGE FEET/PSI,0,0,0,0,0,0,0,0,COMPUTER / INSTRUMENTS
8022983054988,KS790050,CONSOLE LEONARDO 3 PSI,0,0,0,0,0,0,0,0,COMPUTER / INSTRUMENTS
8022983054971,KS790000,CONSOLE LEONARDO 3 BAR,0,0,0,0,0,0,0,0,COMPUTER / INSTRUMENTS
8022983048260,KS780050,CONSOLE LEONARDO 2 PSI,0,0,0,0,0,0,0,0,COMPUTER / INSTRUMENTS
8022983048253,KS780000,CONSOLE LEONARDO 2 BAR,0,0,0,0,0,0,0,0,COMPUTER / INSTRUMENTS
8022983056104,KC764460,CONSOLE CPD3 COMPASS+PRESSURE+DEPTH GAUGE M/BAR,0,0,0,0,0,0,0,0,COMPUTER / INSTRUMENTS
8022983060811,KC764455,CONSOLE CPD3 - COMPASS+PRESSURE+DEPTH GAUGE FEET/PSI,0,0,0,0,0,0,0,0,COMPUTER / INSTRUMENTS
8022983058863,KC765350,CONSOLE CP2 COMPASS+PRESSURE GAUGE PSI,0,0,0,0,0,0,0,0,COMPUTER / INSTRUMENTS
8022983058856,KC764350,CONSOLE CP2 COMPASS+PRESSURE GAUGE BAR,0,0,0,0,0,0,0,0,COMPUTER / INSTRUMENTS
8022983007595,KC764250,CONSOLE 2 DEPTH+PRESSURE GAUGE M/BAR,0,0,0,0,0,0,0,0,COMPUTER / INSTRUMENTS
8022983007694,KC765250,CONSOLE 2 DEPTH+PRESSURE GAUGE FEET/PSI,0,0,0,0,0,0,0,0,COMPUTER / INSTRUMENTS
8022983053868,KB760100,COMPASS + FIXING KIT,0,0,0,0,0,0,0,0,COMPUTER / INSTRUMENTS
8022983139395,KS830850,CARTESIO WATCH/COMPUTER BLACK METAL,0,0,0,0,0,0,0,0,COMPUTER / INSTRUMENTS
8022983139401,KS830950,CARTESIO WATCH/COMPUTER BLACK COPPER,0,0,0,0,0,0,0,0,COMPUTER / INSTRUMENTS
8022983978932,KS830050,CARTESIO WATCH/COMPUTER BLACK,0,0,0,0,0,0,0,0,COMPUTER / INSTRUMENTS
E70BEJ33EEDC2,6YU94VV83WVXZ,vvvv1,8000,8000,50,11111,0,0,0,0,IPHONE
A20C8H0AK18AK,0035S5Y01TV0T,vvvv v,0,0,0,0,0,0,0,0,IPHONE
6721F7H3BKGDC,18W-7Z75942-U,vvccvv,714,714,39,1071,833,0,0,0,IPHONE
2000000008240,2000000008257,CHARGEUR COMPLET IPHONE (ADAPTATEUR + CABLE),0,0,0,800,800,0,0,0,IPHONE
2000000008202,2000000008219,CABLE IPHONE,0,0,0,500,500,100,0,0,IPHONE
2000000008226,2000000008233,ADAPTATEUR IPHONE,300,0,286,400,500,600,700,0,IPHONE
a2610,a2610,zA2610  lcd nokia,0,0,0,280,230,154.22,0,0,LCD NOKIA
AAAA1600,AAAA1600,zA1600 LCD NOKIA 1600,0,155,45,250,200,155,0,0,LCD NOKIA
DFDF,SDSSVS,ZAAAA  AALCD NOKIA 1112,0,0,800,120,0,550,0,0,LCD NOKIA
767875785785,57785678567,ccccccc,0,0,5,300,0,0,0,0,nnnnn
